编号,酒店名称,最热评价,情感倾向,备注
1,亚季酒店(哈尔滨太平国际机场店),"服务特别好,房间干净,周边也有吃的。酒店位置很便利去机场很方便",正向,
2,哈尔滨中央大街索菲亚美居酒店,"我果然没选错酒店,满意极了。很安静,一整夜好眠,推荐推荐",正向,
3,北北大酒店(哈尔滨火车站站前广场店),"不太方便。整体挺好,要是有个移动花洒就好了",中性,
4,哈尔滨俊朗中央大酒店(中央大街店),"交通方便,离步行街很近,景点也很近。离步行街很近,打车方便,去景点方便",正向,
5,芒果公寓式酒店(哈尔滨中央大街店),"位置极好,房间够大,电视好用。酒店位置很好,离圣索非亚教堂很近",正向,
6,曼哈顿大酒店(哈尔滨中央大街索菲亚广场店),"酒店位置太好了。位置很好,教堂和中央大街都很近",中性,
7,棠枫艺术酒店(哈尔滨江畔店),"床很大,房间很大,商旅舒心选择。挺好的",正向,
8,哈尔滨祥云宾馆(太平国际机场店),"非常满意。服务挺好的,接送很贴心",正向,
9,哈尔滨精途酒店,"价格划算,房间干净,服务好。对于本次入住,必须要给个好评",中性,
10,金诺宾馆(哈尔滨太平国际机场店),"酒店非常不错,各方面服务都细致周到",正向,
11,麗枫酒店(哈尔滨公路大桥爱建店),"非常好的酒店,前台服务热情。但是价格比中央大街的便宜好多",负向,
12,哈尔滨中央大街华特酒店(索菲亚教堂店),"离一些景点都很近总之推荐入住。环境也没的说,体验感非常Good",正向,
13,鸿顺宾馆(哈尔滨太平国际机场店),"很周到,房间很好,收拾干净。酒店位置很好,离机场很近很方便",正向,
14,北北假日酒店(哈尔滨中央大街店),"店员服务态度挺好的,性价比很高。第一晚住进去很冷",中性,
15,哈尔滨和悦公寓(哈西万达广场店),"阿姨人很好卫生也很干净。很不错的公寓酒店,真的不错",正向,
16,维也纳酒店(哈尔滨中央大街索菲亚店),"002小哥哥前台服务很棒,赞赞赞。前台挺热情的",正向,
17,哈尔滨昆仑大酒店(火车站店),"楼下吃东西也比较方便。特别老的酒店,胜在位置好,出门就是哈站",中性,
18,哈尔滨雅悦酒店(国际会展中心店),"早餐好吃,有品位。下次出差还住,前台服务态度很好",正向,
19,哈尔滨中央大街际丰假日酒店(防洪纪念塔店),"这里的工作人员超级好。干净卫生,服务态度很好,位置便利",正向,
20,永泰宾馆(哈尔滨太平国际机场店),"很不错,房间很干净。干净整洁,住的很舒服",正向,
21,瑞廷酒店(哈尔滨中央大街店),"位置交通。服务态度好,家庭出行入住条件可以",正向,
22,鸿运宾馆(哈尔滨太平国际机场店),"接机送机服务态度很好,老板很热情。晚点了,晚上十二点多才到",负向,
23,哈尔滨中央大街公馆酒店(索菲亚教堂店),"物美价廉,便宜干净,前台服务好。酒店地理位置很好,是一家老一点的酒店",正向,
24,民航空港宾馆(哈尔滨太平国际机场店),"酒店给换了贵的前台人很好态度也很好。离机场很近,有车接送",中性,
25,袋鼠连锁宾馆(哈尔滨中央大街店),"酒店非常不错,各方面服务都细致周到。价格便宜",正向,
26,7天优品酒店(哈尔滨中央大街索菲亚教堂店),"前台办理入住的小哥服务到位态度很好。非常非常非常非常非常好,方便快捷",负向,
27,哈尔滨蓝翎酒店(中央大街店),"商家服务很好,热情周到。服务很好,前台很客气",正向,
28,凯悦之星连锁宾馆(哈站站前广场店),离哪里都很近的。非常满意性价比也很高,正向,
29,哈尔滨晚安假日宾馆(中央大街索菲亚教堂店),"酒店很好,没有评价里面说的那么差。房间很好,干净整洁,楼下就是中央大街",负向,
30,黑龙江金谷大厦(中央大街店),"但保护的还是蛮好的。前台小姐姐和保安小哥服务非常好,很赞",正向,
31,哈尔滨向日葵酒店(中央大街索菲亚教堂店),"总的来说还不错,各方面都还是令人满意的。位置是非常的好",正向,
32,哈尔滨机场宾馆,"离机场很近,步行10分钟到航站楼。宾馆条件一般,无早餐",负向,
33,哈尔滨中央大街大洋宾馆(索菲亚教堂店),"环境好干净卫生离车站也很近好评。位置不错,服务很好哦,性价比很高",正向,
34,豪滨假日酒店(哈尔滨火车站医大一院店),"可以,五星好评。位置很方便",中性,
35,惟景假日酒店(哈尔滨站中央大街店),"前台服务很好。房间也很干净,前台工作人员服务很好",中性,
36,和兴电竞宾馆(哈尔滨中央大街店),"打扫也很及时,地理位置也很好。整体住的还挺好",正向,
37,哈什国际青年旅舍(哈尔滨凯德广场店),"总的来说还不错,各方面都还是令人满意的。前台哥哥非常温柔,人老好说话了",正向,
38,新旺酒店式公寓(中央大街索非亚教堂店),"很大很干净,离中央大街也近,性价比很高。一如既往的好,五星好评,希望不要骄傲",正向,
39,全季酒店(哈尔滨中央大街店),"酒店地理位置很好,右边是中央大街。环境感觉还是不错的",正向,
40,哈尔滨龙门太空舱青年旅舍,"整体来说还是很不错的,离中央大街挺近的",正向,
41,曼哈顿公寓(哈尔滨中央大街索菲亚教堂店),"前台小哥服务超级好,体现了东北人的热情。位置极佳",正向,
42,哈尔滨三驱公寓(哈西万达店),"房间很宽敞,位置也不错。老板人很好",正向,
43,哈尔滨富力万达嘉华酒店,"干净整洁,这里的床垫很舒服,卫生也不错。酒店的设备设施很好,员工服务态度很好",正向,
44,白玉兰酒店(哈尔滨火车站博物馆地铁站店),"整体会比较小,卫生间也稍微紧凑。早餐很好👍",正向,
45,速8酒店(哈尔滨中央大街店),酒店位置很好。总体来说非常满意,正向,
46,全季酒店(哈尔滨中央大街索菲亚店),"把空间最大化利用,早餐还不错,环境很好。服务人员很热情,乐于提供各种帮助",正向,
47,哈尔滨行者咖啡酒店,"位置好,离哈站一点几公里,可以步行。前台小姐姐人超级好,房间干净整洁",正向,
48,哈尔滨中央大街马迭尔宾馆,"酒店就在中央大街,对于旅游购物相当便利。工号2029服务员热情健谈,服务好",正向,
49,乐驻酒店(哈尔滨火车站索菲亚教堂店),"前台服务态度还好,值得推荐。环境挺好,屋里温度挺高,服务周到",正向,
50,哈尔滨吉航宾馆(太平国际机场店),酒店服务态度很好。酒店服务态度很好,中性,
51,和颐酒店(哈尔滨中央大街店),"位置很好,出行非常方便。卫生各方面都很好,服务人员态度很好",正向,
52,麗枫酒店(哈尔滨哈西火车站万达广场店),"这个酒店的浴室很大,干净整洁。房间特别整洁,设施齐全,热水特别好",正向,
53,全季酒店(哈尔滨中央大街人民广场店),"服务很好,前台小姐姐超级热情友好。前台服务太好了,对人热情服务态度很好",中性,
54,中央公馆酒店(哈尔滨中央大街店),"架子很大;味道总体上是发霉味。服务冷淡很装逼,屋子里阴冷的比较厉害",负向,
55,哈尔滨中央大街凯瑞酒店(索菲亚教堂店),"环境好,位置也方便。卫生好,干净整洁,床品及毛巾都很舒适",正向,
56,哈尔滨欧罗巴酒店(中央大街索菲亚店),步行最多不超过15分钟。环境。卫生很干净服务周到,正向,
57,哈尔滨雅客莱酒店(果戈里大街店),"体验感很好。各方面都很好,性价比超高",正向,
58,卡兹青年拼游旅舍(哈尔滨中央大街店),"离中央大街和地铁站都近,交通相当方便。公共卫生不错,卫生间洗澡间都挺干净的",正向,
59,哈尔滨美希宾馆,"服务好,卫生干净,室内整洁",正向,
60,民航空港宾馆(哈尔滨国际候机厅店),"出门在外遇到好心人真的很难得。有接送机服务,早餐也很丰富,离机场很近",正向,
61,凯里亚德酒店(哈尔滨火车站中央大街店),环境很好。酒店也很暖和,正向,
62,米兰精品酒店(哈尔滨火车站店),"住的很舒服,老板态度很好,住了三晚。服务员都很热情",中性,
63,哈尔滨斯堡莱登酒店(会展中心店),"服务态度很好,房间卫生干净。酒店太棒了,超过了我的想象",正向,
64,四季云端连锁宾馆(师大夜市店),入住第一天给免费升级了复式很不错。很好甚至还带洗衣机,中性,
65,静雅快捷宾馆(哈尔滨火车站店),"特别好的旅店,住了半个月,老板人好。位置交通",中性,
66,佳宁假日公寓(哈尔滨中央大街店),环境真的很好。房主很热情,正向,
67,寒舍客栈(中华巴洛克街区地铁站店),房间简约风旁边就是地铁站很方便。有一点不是很好,正向,
68,百祥假日酒店(哈尔滨东站店),"该酒店地理位置好,交通方便。感觉空间很大很舒适,被单有点泛黄破损",正向,
69,悦宾酒店(哈尔滨医大一院工程大学店地铁站),"床品很干净,温度适宜,订了两天。整体感觉都很好",正向,
70,哈尔滨甜蜜邮局青年旅舍(中央大街店),"老板老板娘都特别的热情,服务相当到位。老板娘超级热情,还叫我小宝",正向,
71,哈工大招待所(哈工大地铁站二店),"很惊喜的入住体验。感觉不错嗷,工作人员都很热情",正向,
72,哈尔滨梦乐宾馆(中央大街店),"老板人很好,沟通楼层时间都很顺畅。很好还免费给换了投影房间",正向,
73,汉庭酒店(哈尔滨火车站广场店),"服务态度非常好👍🏼。离火车站很近,出行很方便,就餐也很方便",正向,
74,雪谷佳欣度假村,"老板为人和谐幽默,价格公道",正向,
75,7天酒店(哈尔滨中央大街民安街店),"想找离车站近的,这个好像不太近。尤其前台客服态度服务特别好",负向,
76,哈尔滨国际饭店,"周围很多吃的,酒店本身很有历史。非常非常不错的打卡地",正向,
77,哈尔滨龙门大厦,"前台小哥服务很好,酒店停电了一会。住了四天,服务态度很好,设施略显老旧",负向,
78,勃莱梅假日酒店(哈尔滨索菲亚教堂火车站店),"地理位置优越,价格便宜。位置相当得好,性价比高",正向,
79,哈尔滨大树宾馆(会展中心万达广场店),"对于本次入住,必须要给个好评",负向,
80,哈尔滨华融饭店,"房间干净整洁,早餐丰富,前台服务非常棒。而且前台服务超级好",正向,
81,7天连锁酒店(哈尔滨承德广场巴洛克景区店),"性价比很高,附近美食众多,干净卫生。出生交通也方便,离火车站也不远",正向,
82,哈尔滨索菲特大酒店,"早餐种类丰富,中西结合。不愧是老牌的五星级酒店",正向,
83,北方国际青年旅舍(哈尔滨中央大街店),但青旅本身就很好。感觉哈尔滨之旅圆满成功,正向,
84,琪珑酒店(哈尔滨省政府民航大厦店),"买东西也方便,酒店老板人特热情。门前是地铁口,出门太方便了",正向,
85,如家酒店·neo(哈尔滨索菲亚教堂麦凯乐中央大街店),"位置很好,索菲亚教堂旁边,离兆麟公园。到了酒店发现前台服务非常热情专业",正向,
86,哈尔滨机场家庭宾馆,"价格实惠,很便捷。必须给老板5星好评",正向,
87,锦江之星(哈尔滨林业大学文昌街店),"干净卫生,前台服务好。乘坐公交车很方便,楼下有超市、饭店",正向,
88,哈尔滨香格里拉大酒店,"房间很干净,特别是前台小夏服务很好。亲切感十足,特别前台的金燕和赫雨航",正向,
89,地玖公馆酒店(哈尔滨中央店),"这次东北之旅最经济最满意之一酒店。位置比较靠近中央大街了,打车五分钟直达",正向,
90,七彩假日宾馆(哈尔滨东北林业大学店),"服务人员很热情,乐于提供各种帮助。环境很好,定的双床",正向,
91,哈尔滨柏拉图酒店(西大直街和兴路地铁站店),"酒店位置很好,在师大夜市附近。环境好,服务好,卫生好",正向,
92,哈尔滨北大荒国际饭店(国际会展中心店),"然后位置很好。床和被子也极为舒适,早餐丰富,材质优良",正向,
93,麦凯乐公寓,"地理位置很好,我们定了三间房。环境不错,出行方便",正向,
94,哈尔滨友谊宫,"还是很不错的,位置,服务,早餐都不错。环境很好,早餐也很丰盛,不愧是老牌酒店",正向,
95,爱琴享公寓(哈尔滨冰雪大世界店),"出行吃饭都非常方便,房间干净空间大。特别适合家庭一起出游,卫生间面积也大",正向,
96,如家商旅酒店(哈尔滨中央大街松花江防洪纪念塔店),"去哪都比较方便,屋里很暖和。防洪纪念塔都很近,酒店设施较新",正向,
97,如家商旅酒店(哈尔滨中央大街索菲亚教堂店),"位置距离索菲亚大教堂非常近,房间干净。位置交通",正向,
98,凯乐宾馆(哈尔滨太平国际机场店),妈妈说很好。选了个附近最便宜的旅店,正向,
99,星空酒店(哈尔滨索菲亚中央大街店),"卫生干净,打扫房间的樊阿姨很热情。是来哈尔滨这几天见到最符合东北人的",负向,
100,哈尔滨万达假日酒店(中央大街索菲亚教堂店),位置极其优越。最后给的是1205房,中性,
101,袋鼠优品宾馆(哈尔滨中央大街店),"位置很不错,可以可以。离中央大街特别近",正向,
102,哈尔滨敖麓谷雅AOLUGUYA酒店,洗护用品这些都是相当不错。让人一进来就很温暖安全,正向,
103,哈尔滨勃莱梅大酒店,"总体还是不错的,对得起4.7分推荐。房间非常不错,早餐也很好",正向,
104,哈尔滨东龙大酒店,"酒店价格算合理,房间足够大。设施摆设我也很满意,附近有三家汉庭",负向,
105,伯爵酒店(哈尔滨中央大街索菲亚教堂店),住宿感受不错。体验非常OK,正向,
106,华驿精选酒店(哈尔滨中央大街富力江湾店),"整体环境都不错,早餐的品种还需要加强。很满意",正向,
107,冰雪奇缘客栈(雪谷二店),"房间不大,但是炕很暖和,卫生也不错。优点当然也很多",正向,
108,哈尔滨正明大酒店(火车站医大一院地铁站店),"酒店位置很好,距离医大一很近。酒店住起来还不错,里面挺干净的,很温馨",正向,
109,京士顿宾馆(哈尔滨中央大街防洪纪念塔店),"前台小姐姐们人很好,客房干净卫生,好评。位置非常好,去哪都方便",负向,
110,莫枫公寓(哈尔滨哈西万达广场西客站店),"服务热情,房间也很好干净整洁。房间很干净,落地窗视野很好",正向,
111,华谊东方酒店(哈尔滨中央大街地铁站爱建店),"南方人勇闯东北。大堂装修装饰很有特点,房间干净整洁",正向,
112,如家派柏·云酒店(哈尔滨中央大街索菲亚教堂店),南方土豆超满意。离索菲亚广场最多800米,正向,
113,哈尔滨美途酒店式公寓(中央大街99公馆店),"房间宽敞窗户亮堂,来东北住得很满意",中性,
114,哈尔滨新巴黎大酒店,"去冰雪大世界和其他景点非常方便。酒店地理位置好,交通方便,硬件设施不错",正向,
115,汉庭酒店(哈尔滨中央大街步行街店),"性价比极高的一家汉庭。地理位置非常方便,去索菲亚,中央大街",负向,
116,金谷商务酒店(会展中心省政府店),"酒店干净整洁,服务态度好。前台特别好",正向,
117,哈尔滨伊春快捷宾馆(哈西万达广场店),"服务态度非常好。房间很温暖干净,服务态度也很棒",正向,
118,龙门太空舱青年旅舍(哈尔滨中央大街经纬街店),"很好好好好好好好好好好。很愉快的一次体验,下次还来",正向,
119,哈尔滨班夫酒店(省政府地铁站店),"服务态度很好,位置方便,枕头很舒服",正向,
120,麗枫酒店(哈尔滨果戈里大街秋林广场店),房间不错挺好以后还回来。但是酒店内部还是相当哇塞的,正向,
121,如家酒店·neo(哈尔滨会展中心市二院地铁站店),"环境好卫生好,前台服务热情早餐好吃。前台很好",中性,
122,雪谷盛世家园旅馆,"最主要我价格对比过,真的非常便宜。服务周到窝心,此行很满意的一家客栈",正向,
123,锦江之星(哈尔滨西大直街和兴路地铁站店),"感觉是新换过的,附近有地铁站和公交站。环境很好,服务很好",正向,
124,汉庭酒店(哈尔滨秋林哈医大一院店),"整体体验很不错,到地铁站很近。最最主要环境很好,装修很新很干净",正向,
125,麗枫酒店(哈尔滨宣化街南岗区政府店),"酒店特别暖和,人也好,服务员很热情。房间环境挺好,性价比很高",正向,
126,森霖酒店(哈尔滨承德街道外公路客运站店),"前台老板服务态度非常好,会再次入住的。特别方便",负向,
127,哈尔滨意枫宾馆,"环境很好,周围吃的很多,出行很方便。服务好,价格便宜,能满足住户需求",正向,
128,哈尔滨佳期似梦假日公寓,"老板人很好,服务周到,房间干净卫生。干净价格地理位置也好",正向,
129,锦江之星(哈尔滨中央大街新阳路店),"服务态度很好,环境也好。第一次入住这家酒店,整体体验很不错",正向,
130,哈尔滨看见一个青旅,"总体还是不错的,性价比没得说。很不错",正向,
131,哈西宾馆(哈尔滨医大一店),"大家自己感觉吧,评价绝对真实。老板人很好",正向,
132,好佰客公寓(哈尔滨麦凯乐店),"酒店服务挺好的,老板很热情。位置非常好",正向,
133,学府宾馆,"地方不错,干净,宽敞。实际很好的宾馆",正向,
134,天燕假日宾馆(哈尔滨中央大街店),"第一次入住这家酒店,整体体验很不错。房间不算很大,够用,窗户大,室内明亮",正向,
135,哈尔滨宜园春快捷宾馆,"这里真的挺好的,不错。距离医大一院很近,宾馆舒适",正向,
136,恒旗假日宾馆(哈尔滨火车站店),"服务态度很好,吃饭方便,距离景点都不远。略微有点吵",负向,
137,勃莱梅酒店(哈尔滨火车站南广场店),"设施不错。门锁不太好用,总体情况良好",负向,
138,7天连锁酒店(哈尔滨火车站南广场店),"酒店房间很大。室内环境一般,浴室连洗发水沐浴露都没有",负向,
139,寒舍自游驿青年旅舍(中华巴洛克街区地铁站店),但整体很不错。这是我住过最清爽的客栈,负向,
140,哈尔滨冰雪大世界太阳岛花园酒店,"非常安静,环境整洁,设施齐全,服务周到。酒店环境很不错,设计很复古,房间宽敞",正向,
141,哈尔滨凯达商务宾馆(冰雪大世界医大四院店),"酒店太棒了,超过了我的想象,位置好找。酒店非常不错,各方面服务都细致周到",正向,
142,哈尔滨果戈里宾馆,"服务很好。位置很好,后院可以停车,酒店内很有特色",正向,
143,鼎铭酒店(哈尔滨冰雪大世界商业大学店),"离地铁站很近,方便。卫生条件相当不错",正向,
144,哈尔滨欧尚精品酒店(卓展购物中心店),"这个酒店整体很舒适。床很舒服很舒服很舒服,两个枕头一高一低",正向,
145,如果商旅酒店,我可太爱了这姐姐。环境真的很不错,正向,
146,勃莱梅酒店(哈尔滨中央大街店),"整体不错,还很贴心准备了一次性纸杯。地段很好,离中央大街很近",正向,
147,如家酒店·neo(哈尔滨中央大街上游街店),"位置很方便,房间出乎意料的干净整洁。出入很方便,房间干净整洁",正向,
148,哈尔滨桓天连锁酒店,"酒店房间空间很大。周边还有很多好吃的,房间里特别热",中性,
149,东馆商务酒店(哈尔滨中央大街店),"非常好,老板人好,房间干净卫生。服务也特别好",中性,
150,大盛日租公寓(哈尔滨哈西店),下次还会选择这家屋内设施很齐全。位置交通,正向,
151,喜佳酒店(哈尔滨承德广场中华巴洛克店),"卫生条件不错,床品舒适。这家宾馆是出行十天来服务最满意的",正向,
152,7天连锁酒店(哈尔滨西客站哈西服装城店),"总的来说还不错,各方面都还是令人满意的。什么活不能中午干酒店太棒了",正向,
153,亚布力幸福里精品客栈,住的是房间很暖。酒店位置还蛮好找的,正向,
154,好佰客公寓(哈尔滨儿童医院店),"很干净,设备齐全,房主服务态度非常好。服务态度很好,有机会还会来的",正向,
155,雪谷洪波客栈,"睡起来很舒服~客栈老板和老板娘非常热情。服务好,打卤面好吃,门口还有平价超市",负向,
156,都市大发酒店(哈尔滨商业大学南校店),"酒店非常不错,各方面服务都细致周到。很小阁楼房干净,用品好,紧凑型,有空调",正向,
157,雪谷柳二家庭旅馆,"一家很不错的房间就这样呈现。服务周到热情,客房很温馨,干净舒适",正向,
158,健龙艺术家宾馆(哈尔滨工程大学会展中心店),"就是隔音不算太好。房间很暖和,简单干净",正向,
159,7天连锁酒店(哈尔滨中央大街安发桥机场大巴站店),"总的来说还不错,各方面都还是令人满意的",正向,
160,麦凯乐·宿港酒店公寓(哈尔滨中央大街店),"总体讲非常不错👍,下次来还会考虑。前台的姐姐哥哥很好很有耐心",正向,
161,哈工大招待所(哈工大地铁站一店),"第一次住招待所,综合感觉一般。位置好就在工大后身,附近奶茶店",正向,
162,哈尔滨雪阅商旅酒店,"位置交通。最后我去前台找的,给我们换了房间",负向,
163,滨航宾馆(哈尔滨国际机场店),"特价房,老板娘人特别好免费给升的级。老板和老板娘很热情,给免费升级了房间",正向,
164,哈尔滨陆玖宾馆,"客房干净卫生,服务态度好",负向,
165,莱客酒店(哈尔滨火车站博物馆店),"很有人情味,下面我给大家指引一下方向吧。性价比算是比较好的酒店吧",正向,
166,哈尔滨JW万豪酒店,"非常好的入住体验,办理完入住。特别感谢酒店的宾客关系主任张博,因为她",负向,
167,星程酒店(哈尔滨哈西万达酒店),"交通方便,周边配套齐全。房间很大",正向,
168,哈尔滨澜淼影视主题宾馆,离考点特别近也就不到二百米,中性,
169,雪谷毕老驴客栈,"体验很好,老板和店里义工人都很好。入住体验非常棒",正向,
170,哈尔滨齐鲁国际大酒店,"给我升级了一个套房,感觉非常棒。在这边住得最好,环境各方面都很舒服",正向,
171,海悦宾馆(哈尔滨体育学院南岗区政府店),"干净便捷而且服务态度好。前台服务很好,行李免费寄存;酒店位置",正向,
172,汉庭酒店(哈尔滨哈工大店),"洗澡水水流很大,窗帘遮光效果好。交通便利,有免费早餐,还不错",正向,
173,中兴快捷宾馆(哈尔滨哈西店),很不错。位置交通,正向,
174,黑龙江工会大厦酒店(火车站店),"普通的标间也很宽敞的。位置不错,对面是和颐酒店",正向,
175,哈尔滨万宇科技园酒店,"干净又安静。第一次入住这家酒店,整体体验很不错",正向,
176,如家酒店(哈尔滨火车站海城街装饰材料市场店 ),"距离地铁站步行十分钟左右就到了。前台服务热情,包裹寄存服务十分贴心",正向,
177,哈尔滨会华宫百年庭院酒店(中央大街巴洛克店),"所有服务人员特别nice,房间大小够用。提前20天订的五一住宿非常满意",中性,
178,99公馆家友时尚酒店式公寓(哈尔滨中央大街店),"环境整洁,噪声小,房间采光好前后通透。其他都很好,楼下的麻辣串串",正向,
179,如家酒店(哈尔滨道外南极客运站医大一院店),总体来说没踩坑。性价比很高,正向,
180,哈尔滨雅泰公寓,姐姐人很好推荐,正向,
181,哈尔滨漫爱情侣酒店,非常的不错,正向,
182,哈尔滨迈唯国际精品酒店,"设施也不错,干净卫生,适合家庭旅游住宿。体验非常好",正向,
183,拉斐尔宾馆(哈尔滨百年巴洛克历史文化区店),卫生干净一客一换推荐给大家。吧台小姐姐态度非常好,负向,
184,雪谷龙江高升客栈,"民宿的工作人员都很热情,响应迅速。很棒的客栈",中性,
185,哈尔滨伏尔加庄园,"比去雪乡性价比高太多了。要住,会有很多时间逛",正向,
186,哈尔滨唐枫公寓,"老板超级好。非常好,老板人也好,真的推荐",中性,
187,哈尔滨鑫源公寓(哈西万达店),到哈西站也很近步行最多15分钟,正向,
188,中麦商务酒店(哈尔滨中央大街火车站店),"卫生很好,窗明几净的房间让人心情很好。暖气不够暖,热水不够热,但是交通便利",中性,
189,巴新拉斯宾馆(哈尔滨索菲亚教堂中央大街店),"位置更是赞不绝口,附近就是中央大街,圣。房间干净,卫生,床品很新,暖气足",正向,
190,龙达瑞吉商务酒店(哈尔滨火车站店),"服务很好,酒店离中央大街不算远。竟然还有冰箱",负向,
191,哈尔滨融创施柏阁酒店,"很大很新人也少,各种免费水果饮料。服务很周到,热情",正向,
192,春天连锁宾馆(哈尔滨哈东站店),"住很多次了。第一次入住这家酒店,整体体验很不错",正向,
193,哈尔滨安舍国际青年旅舍,卫生做得很好哇,中性,
194,锦江之星酒店(哈尔滨麦德龙埃德蒙顿路机场巴士店),"前台服务特别好,入住很满意。价格也不贵,前台兄弟服务态度很好",负向,
195,哈尔滨佰易连锁酒店,"性价比高,交通便利。不错舒服,就是隔音不太好",正向,
196,五常珊珊雪谷驿站,"老板娘人很好,车子游玩用餐一站式安排。超级棒",正向,
197,汉庭酒店(哈尔滨东大直街红博广场店),"每间房都有窗户采光很棒。性价比很不错,酒店早餐很满意,种类多",正向,
198,观江星途公寓(哈尔滨中央大街店),"没有同楼层人员最好提前和酒店联系下。店家每一方面都很好,环境好,卫生好",正向,
199,哈尔滨博物馆火车站亚朵酒店,"很喜欢早餐和深夜食堂,冬日酒店有地暖。前台服务态度好热情有耐心",中性,
200,悦鑫高颜值民宿(中央大街索菲亚大教堂店),"东西都很全,住着特别舒适。都很棒",正向,
201,哈尔滨雷霆电竞酒店,老板人超好~游戏也很齐全,正向,
202,哈尔滨中央大街友谊路亚朵酒店,"给我营造了一种家的感觉。服务很到位,热心周到",正向,
203,如家精选酒店(哈尔滨中央大街店),"说下酒店,总体感觉很不错,地理位置优越。真的很不错",正向,
204,哈尔滨冰城公寓中央大街店,"环境不错卫生非常好老板人也很好。因为99公馆很多公寓,他家装修好又干净",正向,
205,百祥假日酒店(哈尔滨中央大街店),"房间干净整洁,特别喜欢楼道里的香薰味。前台建敏办理入住也非常专业",中性,
206,哈尔滨鑫爽公寓,"不错,很好",正向,
207,哈尔滨秀峰商务酒店,周围不太繁华。不好找,负向,
208,鑫彩宾馆(哈尔滨地铁站西大直街店),"只是网上价格上下浮动太大。服务也还不错,只是网上价格波动比较大",中性,
209,哈尔滨华旗饭店,"高档大气上档次,不错啊。非常好,期待下次相约",正向,
210,7天优品酒店(哈尔滨和平路省政府店),"我觉得这家是最棒的👍👍。性价比很高,让我觉得非常划算",正向,
211,馨苑宾馆(哈尔滨火车站店),"住着很舒服,位置很舒服,附近吃饭。很好,我们是续住的",正向,
212,汇东时尚宾馆(哈尔滨火车站店),"屋子很暖和,这价钱还要啥自行车。离哈尔滨站很近,大姨很热情",正向,
213,宝迪连锁酒店(哈尔滨学院路店),"环境挺好的,睡得还可以。我觉得他家最好,经济又实惠",正向,
214,宝迪酒店(哈尔滨会展中心店),"这家酒店是我本次出行住过的最好的酒店。服务人员很热情,乐于提供各种帮助",正向,
215,奥利加尔精选酒店(哈尔滨中央大街店),"总体还是不错的,性价比高。酒店位置很好,离索菲亚教堂",正向,
216,五常相思雪谷客栈,"我吃到了家的感觉,要收点钱",负向,
217,哈尔滨金沙宾馆(工程大学店),"体验非常好,价格公道,下次还会再来的。服务态度很好",正向,
218,雪谷新福客栈,到雪谷玩住在这里特别好。性价比很高的屋子,正向,
219,哈尔滨大庆宾馆,"尤其是。在这宾馆能够安稳睡一晚,总之非常棒",中性,
220,怡意动漫主题宾馆(中央大街店),"老板人挺好,位置也很方便,离地铁不远。房间很好,舒服,老板也很好",正向,
221,七彩假日酒店式公寓(哈尔滨服装城店),"很不错的一次出行体验。价格优惠,而且很干净,什么都有",正向,
222,亚布力特色农家院,"房间布置特别温馨,住着暖和舒服。房间干净,屋内特别暖和,老板服务态度好",正向,
223,和颐酒店(哈尔滨和平路中医药大学店),"服务态度也好,早餐齐全,不错👍。酒店非常满意,因为考试给延时拉时间",正向,
224,鑫岭宾馆(哈尔滨火车站店),"环境也不错,床品很干净。整体感觉还不错,床很舒适,前台很热情",正向,
225,如家华驿精选酒店(哈尔滨中央大街前进路店),"来旅游非常推荐,马桶还是智能的。前厅部服务很好,环境不错",正向,
226,哈尔滨大都汇主题宾馆,"服务热情,位置好离火车站十分钟路程方便。离火车站很近,对于出行的人很有安全感",正向,
227,哈尔滨巧克力酒店(国际会展中心店),"非常棒,卫生干净。真的很不错,房间很大",正向,
228,聚缘时尚公寓(哈尔滨中央大街店),"房间很不错,设施也很全。住的高楼层,风景不错,特别凉快",正向,
229,天天宾馆(哈尔滨东北林业大学店),"房间宽敞。酒店肃静,卫生干净,服务满意交通便利",正向,
230,哈尔滨莱顺客栈(中央大街店),"位置特别好,店家服务态度很好。离中央大街和红砖街早市都特别近",中性,
231,哈尔滨青苹果时尚宾馆,"舒适干净,总体感觉不错",正向,
232,美豪丽致酒店(哈尔滨融创乐园店),"内部设施齐全干净,很温馨。早餐很好吃,前台服务很好",正向,
233,易居宾馆(哈尔滨中央大街地铁站店),"总体来说性价比还是高的。服务态度很好,设施稍微老旧",正向,
234,哈尔滨火车站果戈里大街漫心酒店,一进大厅就感觉到热情的服务。一进大厅就感觉到热情的服务,中性,
235,乌托邦酒店式公寓(哈尔滨冰雪大世界店),"干净卫生,服务态度很好,特别满意。房间设施齐全,高层夜景很美",正向,
236,华驿酒店(哈尔滨凯德广场埃德蒙顿路机场巴士站店),"客房干净,热水充足,暖气特别热。酒店总体很好,前台的工作人员服务也热情",负向,
237,哈尔滨博豪时尚精品宾馆(中央大街店),位置很好房间干净人都很好,正向,
238,爱情公寓(哈尔滨冰雪大世界店),"各方面都不错,入住体验非常好。这里的环境很舒适,安静,服务很热情",正向,
239,哈尔滨港城酒店(工程大学地铁站店),"阳光充足,被套床单都很干净没有味道。环境挺好,床单被套干净洁白",正向,
240,雪谷艳玲家庭旅馆,"老板娘人很好,做饭也好吃。老板店门口拍照很好看",正向,
241,禧龙宾馆(哈尔滨海城店),总体来说还行,正向,
242,哈尔滨浪漫西城酒店,"总的来说还不错,各方面都还是令人满意的。第一次入住这家酒店,整体体验很不错",正向,
243,新楠天精品酒店(哈尔滨中央大街店),"价格不贵,环境可以,性价比超高。交通方便,干净卫生,性价比高,采光充足",正向,
244,桃源假日旅行酒店(哈尔滨中央大街店),"感觉不错,大床房性价比很高。酒店设施挺新,房间整洁,服务大姐很细心",正向,
245,如家酒店(哈尔滨会展中心衡山路万达广场店),"房间很暖和,电视很大。很不错很舒适,方便快捷,位置很好",正向,
246,亚布力春雪居山庄,在这边玩了几天住的最舒适的了。老板服务很好很热情,正向,
247,莫泰酒店(哈尔滨会展中心公滨路地铁站店),这个酒店最大的优势离地铁站非常近,正向,
248,桔子酒店(哈尔滨火车站中央大街店),"酒店位置不错,性价比高。前台业务熟练高效,有求必应",正向,
249,如家酒店.neo(哈尔滨中央大街步行街店),"前台很好。前台小姐姐们人都很好,有事都能解决",负向,
250,格林豪泰(哈尔滨中央大街店),"装修很新,前台服务很好。服务非常好位置也很好去哪都很方便",正向,
251,速喜宾馆(哈尔滨玛克威店),"酒店太棒了,超过了我的想象。很满意",正向,
252,春天连锁宾馆(哈尔滨火车站省博物馆店),位置特别好就在博物馆站3号出口边上。两样的粥、小咸菜若干。总之,正向,
253,万达酒店式公寓(哈尔滨服装城店),"宽敞干净,交通便利,房东人很好",正向,
254,北航宾馆(哈尔滨太平国际机场店),"接送机服务很方便,距离机场也很近。很舒适且高性价比的房间",正向,
255,春天连锁宾馆(工人文化宫火车站店),"服务态度很好,位置好找,出门就是地铁站。公交地铁都很方便主要是房间非常感觉",正向,
256,哈尔滨佳顺商务酒店,"床品也很干净整洁。总体还不错,预定的大床房订没了",正向,
257,哈尔滨蓝宝石假日宾馆,"安全,卫生,服务态度好。各方面不错",正向,
258,哈尔滨米店青年旅舍,"最重点说的就是,卫生很好。米店每天都大搞卫生,米店的床非常喜欢",负向,
259,哈尔滨福顺天天大酒店,"性价比很高,前天服务也很好,支持一下。位置非常好,卫生干净",正向,
260,天缘公寓(哈尔滨中央大街店),"地理位置好,价格实惠",正向,
261,新航快捷宾馆(哈尔滨机场店),"晚班机到哈尔滨,酒店有车子接机,服务好。环境干净,宽敞",负向,
262,哈尔滨谭格美酒店(会展中心店),"住过好多次了,房间够大。房间大小刚好,隔音效果还不错",正向,
263,汉庭酒店(哈尔滨工程大学地铁站店),"房间干净,前台服务不错。酒店设施很好,卫生也打理得很干净",正向,
264,汉庭酒店(哈尔滨火车站机场巴士店),"房间很新,干净卫生,有暖气和空调。送了很多礼品,早餐很好吃",负向,
265,如家酒店(哈尔滨西站万达广场金爵万象店),"房间宽敞,洗澡水很大很舒服,好评。房间很大,家庭房1.8米,1",正向,
266,禧龙宾馆(哈尔滨西五道街店),"小伙子小丫头非常热情对于本次入住。位置是真的好,出门一分钟就是中央大街",负向,
267,哈尔滨松北香格里拉大酒店,"价格合理,味道不错。便于出行,早餐种类多,服务态度很好",正向,
268,哈尔滨时尚1+1公寓,"性价比高,这就不错了",正向,
269,东源商务宾馆(儿童医院店),都挺好。非常好,正向,
270,中麦商务酒店(哈尔滨中央大街金安购物广场店),"濒临哈尔滨最繁华的中央大道,出行方便。离公交车站很近",正向,
271,如家精选酒店(哈尔滨火车站省政府店),"门口过一个红绿灯就是地铁站,特别方便。真的很不错,接待和客房阿姨们都很好",正向,
272,哈尔滨冰岛酒店(冰雪大世界店),"空气很好,自然景观也好。总体感觉不错,各方面也很舒适,唯一不足",正向,
273,雪谷老姜家客栈,"老板娘也特别好,在家负责后勤工作。去了雾凇岭很主动得会带我们去玩",正向,
274,哈尔滨瑞鑫商贸城旅馆,"性价比高,还很便宜,地理位置也可以",正向,
275,合美休闲快捷宾馆(医大一院店),"宾馆环境很好,毛巾啥的都是一次性的。就是美中不足的是电视不能投屏",中性,
276,汉庭酒店(哈尔滨学府路店),"前台服务好,热情。前台小姐姐很热心,服务很好",正向,
277,哈尔滨金域蓝爵商务休闲宾馆,"家有喜事,来了很多亲戚,三天十二个房间。周边商圈吃住行方便,推荐入住",中性,
278,全季酒店(哈尔滨文昌街林业大学店),"风格比较喜欢,简单大方。干净卫生酒店太棒了,超过了我的想象",正向,
279,哈尔滨群力远大苹果酒店式公寓,"房间和床真的很大。服务很好,住房空间宽敞",正向,
280,哈尔滨埃迭姆俄式主题宾馆(中央大街索菲亚教堂店),"逛中央大街非常方便,因为第二天要去雪谷。房间干净整洁,闹中取静,床也睡的很舒服",正向,
281,万笙宾馆(哈尔滨中央大街店),酒店前台服务很好。酒店地理位置很好,正向,
282,如家酒店.neo(哈尔滨火车站果戈里医大一院店),"房间很干净,设施完善。床垫确实有点硬,走廊隔音一般",负向,
283,如家派柏·云酒店(哈尔滨承德广场中华巴洛克风情街店),"街市菜场小吃摊很热闹。交通便利,屋里挺干净",正向,
284,如家商旅酒店(哈尔滨会展中心汉水路龙塔店),"位置很好。房间太小了,像一个隔间",负向,
285,哈尔滨松北融创皇冠假日酒店,"服务响应很快,前台精神面貌很好。特别满意,入住的时候服务特别热情",正向,
286,雪谷手牵手客栈,"老板娘很温柔很有耐心,老板很好玩。开客栈的人一对夫妻,人真的很好",正向,
287,爱斯特美仑酒店(哈尔滨冰雪大世界店),"出行都还比较便利,环境好,住的很舒服。各方面都不错👍",正向,
288,如家酒店·neo(哈尔滨会展中心汉水路店),服务好房间干净整洁很好。环境不错,正向,
289,瑷度公寓(哈尔滨中央大街店),"总体来说来哈尔滨的体验。酒店价格相对便宜些,哈尔滨真的很好玩",正向,
290,哈尔滨斯凯沃商务酒店,"温暖舒适,睡得踏实,价格却实惠得多。性价比很高,还给安心的升了级",正向,
291,瑞庭酒店(哈尔滨万达广场哈西高铁站店),"房间很舒适,干净卫生,质优价廉。很满意,前台服务态度很好",正向,
292,哈尔滨君廷商务宾馆,"价格便宜,性价比高。下水不太好,马桶总堵",正向,
293,哈尔滨工业大学飞泷丽呈酒店,"环境很好,卫生条件也很好。服务非常周到细致,设施完善齐全",正向,
294,锦江之星风尚(哈尔滨秋林医大一院店),"价格不贵,电视是个比较明显的缺点。屋里有暖气,很暖和",负向,
295,嘉捷酒店(哈尔滨会展中心店),"总体不错。前台小姐姐很热情,解答问题也细心",正向,
296,雪谷富强宾馆,"房间很暖和,早餐也挺好吃的,老板非常好。房间也很干净空间也大",正向,
297,如家酒店(哈尔滨会展中心公滨路地铁站店),房间干净整洁服务很好。房间干净暖和服务态度好,正向,
298,悦途精品酒店(哈尔滨工业大学店),"无窗,大床,洗澡,看电视,上网都挺好的。方便快捷,价格合适,性价比高",正向,
299,雪谷丁子涵时尚家庭旅馆,"房间温暖舒服,老板人特别好。房间也挺大的,炕暖和干净",正向,
300,亚布力华夏取舍设计师民宿,"老板和管家人都很nice。环境宁静,设计感十足,服务也非常周到",正向,
301,哈尔滨禧合宾馆(黑龙江大学服装城店),住的挺好的一次还来还来。位置交通,正向,
302,哈尔滨双龙快捷旅馆,"环境很好,因为人不是很多。非常好老板娘人好喜欢",正向,
303,哈尔滨世海哲人快捷酒店,缺点是:楼下停车不是很方便。非常不错的环境啊,正向,
304,汉庭酒店(哈尔滨会展中心店),"真的很好,性价比好高。前台小姐姐给升级了家庭房,房间很大",正向,
305,四季云端宾馆(哈尔滨黑龙江大学学府路店),"很干净,空调也很暖和。b区服务员大哥人很好",中性,
306,哈尔滨国力宾馆(理工大学学府路店),"环境好,卫生特别干净,交通方便。集体的卫生特别干净,服务态度好",正向,
307,雪谷映山红客栈,"冻柿子冻梨。去周围玩都很方便,住的很舒服,睡得是炕",中性,
308,金盛源青年旅舍(哈尔滨哈西站店),老板人非常nice,正向,
309,哈尔滨海韵商务酒店,"房间干干净净,一如最早三星级的标准。酒店位置好,距车站近,周边交通方便",正向,
310,汉庭酒店(哈尔滨会展中心长江路店),"餐厅阿姨服务态度特别好。餐厅阿姨服务态度特别好,餐厅卫生干净",负向,
311,哈尔滨丁香假日宾馆(中央大街店),"逛街特别方便,景色真的很好。服务很好,位置又好,中央大街出去就是啦",正向,
312,金爵精品酒店(哈尔滨西站万达广场店),"干净卫生环境好,下次还住。前台人员服务很好,早餐种类丰富",中性,
313,哈尔滨冰雪大世界融创乐园丽呈睿轩酒店,"比想象中要好,空间够用。住宿环境很好,工作人员热情负责",正向,
314,哈尔滨水逸城市酒店,"客房阿姨很好,给了我一个一次性的浴缸套。009服务热情,房间很干净",中性,
315,哈尔滨信诚阳光商务公寓,"宾馆很好,交通也方便。非常值得推荐,房间没有任何异味",正向,
316,哈尔滨滨钢宾馆(省医院店),"各方面都不错,价格亲民。各方面没得说,价格还低",正向,
317,哈尔滨哈西万达锦江时尚公寓,"老板娘人很好,服务热情。环境挺不错的,如果有个台灯就更好了",正向,
318,哈尔滨龙唐大厦,"设施有点陈旧,但是也相当不错了。感觉一般,服务员也不热情",中性,
319,百家公寓(哈尔滨中央大街兆麟公园店),"服务很好~位置也很方便,下楼就是大教堂",正向,
320,哈尔滨美如家假日公寓,"楼层位置很好,感觉像家一样。在闹市中心,出行很方便",正向,
321,哈尔滨大成宾馆,"给我一个人一间家庭房,太大了。交通便利,吃饭也方便,房间里设施齐全",正向,
322,哈尔滨伊甸园宾馆,"服务人员很热情,提出要求能及时解决。交通便利,离地铁站很近",正向,
323,汉庭酒店(哈尔滨西大直街工大店),"酒店很不错早餐好吃。卫生干静整洁,服务很周到",正向,
324,天竹宾馆(哈尔滨火车站机场大巴店),"这就是我们选择的最初原因。酒店服务不错,需求可以快速满足",正向,
325,龙江快捷时尚宾馆(哈尔滨哈东火车站店),"没有上来就要好评,客房确实蛮干净的。人很热情",正向,
326,新世界宾馆(哈尔滨太平国际机场店),"房间很大,服务态度很好服务很好。宾馆服务很满意,服务态度特别好",正向,
327,北方航天宾馆(哈尔滨太平国际机场店),"总的来说还不错,各方面都还是令人满意的。离机场很近,车接车送,几分钟就能到",正向,
328,哈尔滨蓝莓假日酒店式公寓,"位置:离中央大街和索菲亚大教堂都很近。经济实惠,热情好客",正向,
329,北北快捷宾馆(哈尔滨春申街店),"非常好,房间干净,设施齐全。离哈站,机场大巴斤,很方便",正向,
330,哈尔滨双喜快捷宾馆(哈尔滨医科大学附属第一医院店),"位置很好,打车超级方便。各方面都挺好的,入住体验也不错",正向,
331,哈尔滨假日美地快捷宾馆,除了没有电视其余都不错。让我觉得物超所值,正向,
332,雪谷海涛金泽温泉小镇,"免费的早餐,很丰盛。老板很爽快,有求必应",正向,
333,哈尔滨市道外区如景航运酒店,"总体来说非常的满意。床垫子挺舒服,洗澡水非常好",正向,
334,通达假日酒店(哈尔滨中央大街防洪纪念塔店),入住的很好很方便。基本还可以吧网上预定不错便宜,正向,
335,明屿宾馆(哈尔滨哈西万达广场店),"老板人好热情,环境舒适安静。地理位置很好",正向,
336,漫画主题宾馆(哈尔滨中央大街店),地理位置很好。动漫主题房间孩子很喜欢,正向,
337,哈尔滨奔跑吧青春太空舱青年旅舍,很好的一次体验。阿姨很热情,正向,
338,哈尔滨民族舒适快捷宾馆,"老板很热情。服务态度很好,卫生还可以",正向,
339,哈尔滨苹果假日公寓,"特价大床房,宽敞舒适,价格实惠",正向,
340,北国假日公寓(哈尔滨中央大街店),"关键是交通特别方便,去哪里都容易。交通很方便,离地铁口很近",正向,
341,馨苑宾馆(哈尔滨中央大街店),房间灯光不是很明亮,中性,
342,如家华驿酒店(哈尔滨公路大桥店),"酒店设施也很完善,床铺舒适,一夜好眠。工作人员很热情态度都很好",正向,
343,全季酒店(哈尔滨景阳街中华巴洛克店),"提前预订这里体验很好,住的舒服前台热情。住宿环境不错👍",正向,
344,如家商旅酒店(哈尔滨江北学院路东尚睿春店),"房间宽敞服务态度好停车方便。环境不错卫生好,打扫卫生及时热情",正向,
345,哈尔滨天缘酒店式公寓,"室内感觉非常好,下次还会预订。公寓的工作人员服务好",负向,
346,金鹤宾馆(哈尔滨秋林医大一院地铁站店),"早餐很丰富。明亮,前台服务热情、周到,房间很暖和",正向,
347,莫泰酒店(哈尔滨会展中心珠江路地铁站店),酒店服务特别好。性价比很高看过点评才订的,正向,
348,自安然酒店(哈尔滨冰雪大世界商业大学店),"比较商务的感觉,配套的设施齐全。很干净,位置也很好",正向,
349,春天精品酒店(哈尔滨红旗大街店),"很满意的一次住宿,价格很便宜。感觉挺新,性价比很高",正向,
350,雪谷小云农家院(雪谷风景区店),"旅途结束,点评走起。干净又卫生小云一家热情好客",正向,
351,春天连锁宾馆(哈尔滨会展中心店),"床品很干净,位置方便,价格合理。价格实惠,服务态度很好",正向,
352,百合休闲假日公寓(哈尔滨中央大街店),"酒店很不错,值得入住哦",正向,
353,禧龙宾馆(哈尔滨中央大街店),环境很好。干净卫生服务好,正向,
354,巴洛克酒店(哈尔滨中华巴洛克店),"装修是极简ins风,很喜欢。酒店就在风情街里面",正向,
355,金阳宾馆(哈尔滨太平国际机场店),老板热情的让我觉得我花了六十块钱都愧疚。老板娘人太好啦,负向,
356,亚布力温泉滑雪度假别墅,"找到这家住所很满意了,价格实惠。房间大小刚好,洗漱用品都比较齐全",正向,
357,派酒店(哈尔滨中央大街索菲亚教堂市医院店),"朋友们,放心冲。总体来说还挺好",正向,
358,哈尔滨宝恒快捷宾馆,"总的来说还不错,各方面都还是令人满意的。旁边就是万达广场,晚上特别热闹",正向,
359,哈尔滨中意宾馆,"没有难闻的味道,酒店虽不是很新。服务态度好,干净卫生,五星好评",负向,
360,麗枫酒店(哈尔滨哈西火车站店),"位置特别好,停车方便,客房特别卫生干净。很热情,交流的过程也非常愉快",正向,
361,汉庭酒店(哈尔滨冰雪大世界前进路店),是我们在哈尔滨三天住的最舒心的一天。没想到汉庭现在也这么棒了,负向,
362,春天连锁宾馆(哈尔滨和兴地铁站师大夜市店),"位置交通。位置不错,机场坐大巴可以到酒店",正向,
363,哈尔滨最佳西方财富酒店,"离地铁口很近的酒店。而且离地铁特别近,方便出行",正向,
364,禄马酒店(哈尔滨工程大学地铁站店),"离学校近。住得很舒服,这个酒店性价比很好",正向,
365,哈尔滨盛鑫快捷宾馆,"性价比很高的。离车站很近,楼下吃饭便利店都有",正向,
366,悦朗主题宾馆(哈尔滨师大夜市店),非常满意,正向,
367,缘士家青年旅馆(哈尔滨民生路店),"店主很温和,房间很干净,被褥也干净。性价比超高,屋里很暖和,老板人超好",正向,
368,五常雪谷山川情驿站,"雪很厚,可以上面打滚,绵密松软。老板很热情❤️‍🔥可以帮忙订车订票",中性,
369,雪谷家鑫客栈,"性价比很高,民宿的菜品味道也很好。整洁,通透,采光好,通风好,睡的很舒服",正向,
370,哈尔滨居简酒店,"总的来说还不错,各方面都还是令人满意的",正向,
371,22℃精品主题酒店(哈尔滨群力远大店),"位置很不错,离音乐广场大雪人很近。酒店房间很干净,设施齐全,供暖足",正向,
372,哈尔滨鸿泰快捷宾馆,"离火车西站很近,周边吃饭的地方多。房间特别大,干净卫生,老板热情周到",正向,
373,哈尔滨汇智巴黎四季酒店,"前台接待的小姐姐特别好。入住体验非常好,服务好",正向,
374,哈尔滨兴隆快捷宾馆(火车站南广场店),"交通方便,好找。哈尔滨站就几百米,去哪里都比较方便",中性,
375,哈尔滨鑫林宾馆(中央大街店),"地方特别好出门就是中央大街。很好找,出门游玩也很方便",负向,
376,雪谷王家店家庭旅馆,"住了两天,感觉特别好,一老板娘特别热情",正向,
377,维也纳国际酒店(哈尔滨哈西高铁站店),"酒店内也安静,地理位置也比较好。酒店附近很多好吃的,住这里很方便",正向,
378,如家酒店(哈尔滨江北大学城北站店),"外卖什么的都是机器人送,特别舒服。环境还不错",正向,
379,哈尔滨浪漫小屋酒店公寓,然后想让老人休息的好一点。离中医院非常的近,正向,
380,领航宾馆(哈尔滨太平国际机场太平镇店),"交通方便,设施齐全,卫生干净。说实话,很不错",正向,
381,蓝天假日宾馆(哈尔滨机场店),"接送机还不错。酒店距离机场很近,卫生干净",正向,
382,雪谷阔兰厅客栈,"老板人很好,特别踏实,下次来还会住这家。客栈很温馨和自己家一样",中性,
383,汉庭酒店(哈尔滨西大直街和兴路地铁站店),房间很舒适早餐也很棒。去各个景点和火车站都很方便,正向,
384,龙运宾馆(哈尔滨火车站站前广场店),"唯一不好大冻天的热水慢,我住了五天。满意服务态度好还给免费寄存行李",负向,
385,哈尔滨阳光365时尚小公寓,房间内洗浴用品很齐全,负向,
386,禧龙宾馆(哈尔滨宣化店),不吵闹,负向,
387,潮漫酒店(哈尔滨松北世茂大道游乐园店),"设施整体上很好,干湿分离。房间很干净,前台服务很好",正向,
388,哈尔滨哈尼嘎嘎主题宾馆,"很健谈很亲切,房间很干净,卫生很好。尤其是老板娘和老板很热情",正向,
389,禧龙宾馆(哈尔滨人和店),"位置交通。看望朋友住的这里,价格合适",正向,
390,鸿缘快捷宾馆(哈尔滨火车站店),"老板娘服务态度特别好,超级热情。最开心的是大娘对人很好",正向,
391,哈尔滨新时代酒店式公寓,"老板和老板娘特别热情,视野很棒。酒店的环境特别好,装修风格很时尚",正向,
392,哈尔滨江畔商务宾馆,"是我在哈尔滨住过性价比最高的宾馆了。房间隔音不好,其他都还不错",中性,
393,哈尔滨哈大机招待所,酒店很老,中性,
394,枫叶酒店式公寓(哈尔滨中央大街店),特别喜欢这个房间,中性,
395,哈尔滨今生缘酒店式公寓,"老板娘人也挺好。有电梯很方便,房间很大,性价比超高",正向,
396,哈尔滨香坊永泰喜来登酒店,"❤总的来说还不错。酒店还可以,早餐不错",正向,
397,如家酒店(哈尔滨红旗大街公滨路地铁站店),前台服务态度非常好非常满意。隔音太差,负向,
398,如家酒店·neo(哈尔滨三大动力路哈锅店),"服务很好,卫生干净,好评早餐好吃。房间干净,服务热情,好评",正向,
399,弗瑞智慧酒店(哈尔滨中央大街店),"卫生很干净服务态度也非常好。风格也挺好,无人智慧酒店还挺方便的",正向,
400,百家公寓(哈尔滨香坊万达店),"店家服务态度很好,房费价位还便宜。地理位置非常棒,门口就是地铁站",正向,
401,哈尔滨雪松商务酒店,"水温不太热,价格相当划算了,不错。不错的酒店,性价比高,非常让人满意",正向,
402,哈尔滨金宝利商务酒店,"种类多,出门旅行,出差都是很好的住所。很温暖,干净",正向,
403,万达酒店式公寓(哈尔滨衡山路店),"本人有事,要求取消最后一天的订单。体验非常不错,白天有充足的阳光",中性,
404,七彩时尚艺术宾馆(哈尔滨师范大学店),"临街偏吵,可以要步临窗的。酒店卫生不错,忘记价格也合适不错不错",正向,
405,谊天主题宾馆(哈尔滨会展店),"去看演唱会是最近的位置了,过个街道就是。交通方便,性价比高",正向,
406,全季酒店(哈尔滨西站万达广场店),"总体来说体验感很不错,下次还来。地理位置特别方便,环境干净整洁",正向,
407,哈尔滨喜林阁商务酒店,"这是到哈尔滨入住性价比最舒服的酒店了。酒店非常不错,各方面服务都细致周到",正向,
408,兄弟宾馆(哈尔滨哈东站地铁站店),"非常满意的一次入住。酒店太棒了,超过了我的想象",正向,
409,富壹號国际青年旅舍(哈尔滨中央大街索菲亚教堂店),"室内很暖和,有公共客厅,房间干净舒适。叔叔人很好哈哈哈哈哈哈哈哈哈环境也OK",正向,
410,品阁商务宾馆(哈尔滨中央大街店),很好的入住体验不错干净。位置交通,正向,
411,麦凯乐公寓(哈尔滨兆麟街店),"房间位置很好,去大教堂走路也就几分钟。位置也很好,离几个景点都挺近的",正向,
412,汉庭酒店(哈尔滨机场路店),"总体感受很好,有需要还会再入住的。房间的小细节做的很好",正向,
413,哈尔滨红博宾馆(国际会展中心店),"床很舒服,被子也特别干净整洁。服务卫生态度非常好",正向,
414,雪谷友家客栈,"太满意的一次入住了。老板一家人非常热心,服务周到",正向,
415,顺航宾馆(哈尔滨太平国际机场店),"很不错的体验,可以放心居住。房间干净,整洁,卫生也不错",正向,
416,亚布力雪龙度假山庄,"非常方便,对比后而且价格也更优惠。1⃣️很干净又比较安静的民宿",正向,
417,电力宾馆(尚志东一条路店),"室内装修非常好。停车方便,早餐丰富,服务好",中性,
418,全家福宾馆(哈尔滨医大一院店),非常好特别喜欢下次还来。十分满意,正向,
419,哈尔滨香树湾宾馆(冰雪大世界店),"床垫有些硬,其他还好",负向,
420,哈尔滨明洞客栈,非常满意。位置交通,正向,
421,星程酒店(哈尔滨果戈里大街秋林店),地理位置吃饭购物都很方便。是每次在哈尔滨住服务最好的酒店了,正向,
422,理想假日宾馆(哈尔滨中央大街店),"地铁,打车也很方便,环境也比较卫生。暖气很足,服务非常好,地理位置方便",正向,
423,哈尔滨泰华时尚宾馆,这家酒店是我本次出行住过的最好的酒店,中性,
424,哈尔滨福府宾馆(国际会展中心一一九中学店),"年轻人的最爱,小型超市、水果店,药房。服务好,卫生干净,床单换洗好",正向,
425,东方海悦商务宾馆 (五常通达大街店),"位置也特别好,在五常市中间去哪都方便。前台服务态度好",中性,
426,马迭尔·宿汽车主题酒店(哈尔滨冰雪大世界店),"房间干净整洁住的很舒服推荐。卫生很干净,下次还会再来",正向,
427,春天连锁宾馆(哈尔滨香坊万达省医院店),"这么大卫生间没有干湿分离降了个档次。打扫客房的阿姨也好,总体就是很好",中性,
428,全季酒店(哈尔滨中山路店),"环境很好工作人员也很热心服务态度超级好。酒店非常不错,各方面服务都细致周到",正向,
429,轻住·派客酒店(哈尔滨火车站医大一院店),"环境很好。设施:齐全,暖气好,冬天屋里一点也不冷",中性,
430,格林豪泰智选酒店(哈尔滨火车站机场巴士站店),楼下就有很多吃饭的地方。都不错,正向,
431,喆啡酒店(哈尔滨会展中心万达广场龙塔店),"好的品牌也需要优秀的服务支撑。服务很好,客房很棒,下次还来",正向,
432,7天连锁酒店(哈尔滨西站万达广场店),"比较隐蔽,打扫的人容易忽略。服务态度很好,干净整洁",正向,
433,麗枫酒店(哈尔滨中央大街巴洛克店),"服务很好位置离景点很近房间很干净。挺好的,位置也通达方便,服务热情",正向,
434,哈尔滨江洪宾馆(中央大街防洪纪念塔店),"设施比较破旧,热水总断,淋浴也特别小。其他的都可以接受性价比很高",负向,
435,藝霏酒店(哈尔滨工业大学店),"房间也很大,洗澡水也很热,早餐样数很多。离科学园很近,服务也很好",正向,
436,哈尔滨美日顺公寓,"很干净,服务也很好,值得再次入住。酒店暖和,服务态度很好,安全",正向,
437,春天精品酒店(哈尔滨三大动力店),"总体感觉特别棒。很安静,没有异味",正向,
438,哈尔滨嘉晨臻选酒店,酒店很好。老鼎丰的软大列巴太好吃了,中性,
439,晟博商务酒店(哈尔滨中央大街店),"性价比很高,中央大街。为老人们服务特别暖人心",正向,
440,如家派柏·云酒店(哈尔滨香坊万达店),"地段不错。高,足够安静,很好",正向,
441,汉庭酒店(哈尔滨会展中心珠江路店),"服务人员态度非常好。位置很好,出门5.6分钟就是地铁",中性,
442,亚布力滑雪场风情别墅,"老板一家人都很好,家的感觉。位置观景是最好的",正向,
443,禧龙宾馆(哈尔滨会展中心店),设备比较旧。环境非常不错,正向,
444,哈尔滨瑞辰RICH酒店(松北冰雪大世界店),"很满意的一次入住,❤总的来说还不错。第一次入住这家酒店,整体体验很不错",正向,
445,维也纳3好酒店(哈尔滨中央大街巴洛克店),"房间里很暖和,前台小姐姐服务很好。唯一是下面是一条早夜市街",中性,
446,哈尔滨利奥小屋主题宾馆,"老板人很好,给升级了豪间",正向,
447,哈尔滨星宇宾馆,离机场很近。老板娘很格式,正向,
448,尚志客尚居商务宾馆,出行方便设施齐全非常不错,正向,
449,哈尔滨万禧酒店(江北大学城店),"卫生条件很好,服务人员态度超级好。酒店离高铁铁轨很近",负向,
450,龙港宾馆(哈尔滨太平国际机场店),"这价格我都觉得老板会不会亏钱。老板很负责,接机,送机服务很到位",负向,
451,哈尔滨金象主题宾馆,"酒店一般般,不如照片干净漂亮。价格不贵,感觉很值",正向,
452,哈尔滨理想家庭宾馆(中央大街店),"房间很干净也很暖和,位置也很好找。服务很好,交通方便,价格优势",正向,
453,五常玖龙宾馆,"很好的体验非常不错态度很好。老板特别热情,房间干净整洁",正向,
454,汉庭酒店(哈尔滨公路大桥爱建店),"床品整洁干净,前台服务态度很好。酒店服务很好,早餐很好吃,性价比很高",正向,
455,7天优品(哈尔滨宽城桥店),位置好找房间干净整洁。前台服务很好环境满意,正向,
456,哈尔滨私家白领高档公寓索菲亚中央大街店,"整体不错,投影机放的音乐音效也很不错。空间很大玩,环境也很好",正向,
457,哈尔滨中央大街钰轩酒店(索菲亚教堂店),"酒店前台帅哥也很专业礼貌强烈推荐。酒店非常不错,各方面服务都细致周到",正向,
458,合益宾馆(哈尔滨火车站中央大街店),"交通很方便老板很热情。服务态度好,交通很方便,离景点很近",正向,
459,中维宾馆(哈尔滨国际会展中心店),"宣传真实,床挺好睡的。挺不错的房间很大每天阿姨回来整理卫生",中性,
460,尚志春天假日宾馆,"暖气超级足,附近的饭团外卖也很好吃",负向,
461,旭日升快捷宾馆(哈尔滨阿城区印象城店),"前台服务好,客房卫生干净,性价比高。就是觉得淋浴间热水不太热",负向,
462,稻香国际青年旅舍(哈尔滨中央大街店),确实各方面设施都很不错。位置交通,正向,
463,哈尔滨顺达商务酒店,位置交通。离万达很近,正向,
464,哈尔滨远达商务酒店,"位置不错。服务态度特别好,下次考试还来这里住",正向,
465,金荣酒店式公寓(哈尔滨索菲亚中央大街店),"地段环境都很不错。不错,房间够大,啥东西都有,方便",正向,
466,锦江之星风尚酒店(哈尔滨西站城乡路地铁站店),"卫生间很大,房间很干净,床很软。靠筛选地铁找到这家酒店,地铁交通很方便",正向,
467,哈尔滨东北林业大学专家公寓,"校内食堂很好,操场里小鲜肉们很有活力",正向,
468,哈尔滨楠天商务酒店,"但是很干净,不错床大而且价格很便宜",正向,
469,哈尔滨凯旋精品酒店,"环境比较好,很舒服,卫生也很棒。非常令人满意的入住体验",正向,
470,哈尔滨海韵酒店(江北大学城店),"这是我在这座城市最喜欢的店了,卫生干净。非常的智能化,电动窗帘,智能马桶",负向,
471,锦江之星品尚(哈尔滨中央大街步行街机场巴士站店),"位置很方便。位置倒是很好,紧邻中央大街",中性,
472,雪谷国际青年客栈,另一个房超冷,负向,
473,亚布力鑫鼎酒店,"服务态度很好。民宿挺大,但是与价格不匹配",正向,
474,蒲公英宾馆(哈尔滨哈西站万达广场店),"我最喜欢的是他家的床。很不错的的体验,房间干净卫生",正向,
475,通河奕峰宾馆,"卫生可以,暖气一般。前台小姐姐给升级了大套房,卫生间好赞",负向,
476,哈尔滨龙腾宾馆,"挺好的,服务周到热情。过来出差,价格便宜卫生条件也不错,好评",正向,
477,巧克力精品旅馆(哈尔滨农大店),"无窗的有投影电视和空调,性价高。距离地铁站很近",正向,
478,糖果假日宾馆(哈尔滨丽尔荟店),"距离机场,哈西站还是比较近的。不错的体验",正向,
479,如家酒店(哈尔滨学府路医大二院地铁站店),"如家酒店服务很好,价格实惠,离高铁站。房间干净卫生,服务很好",正向,
480,雪谷雪缘驿站,"这是最干净、饭菜最好吃。饭菜可口,服务到位",正向,
481,哈尔滨顺和宾馆(中央大街店),"卫生打扫干净,周边交通便利",正向,
482,哈尔滨阳光宾馆,"停车方便,环境卫生很好",中性,
483,哈尔滨金禹宾馆(工程学院店),"交通方便,100米地铁口。老板人挺好",正向,
484,宝迪酒店(哈尔滨长江路禧龙大市场店),"住起来还是不错的,前台服务也可以",中性,
485,哈尔滨大宇快捷旅馆,"方便,卫生,老板娘态度好",中性,
486,如家酒店·neo(哈尔滨平房新疆大街店),"价格实惠,性价比高。如家的服务很好,环境也干净卫生",正向,
487,7天优品酒店(哈尔滨学府路店),"❤第一次入住这家酒店,整体体验很不错。位置交通",正向,
488,维也纳酒店(哈尔滨哈西高铁万达广场店),"真心很好,前台小妹态度好好。布局不是很合理,卫生间空间较小",正向,
489,涛姐新宿(哈尔滨江畔路江月雅集夜市店),"距离各个景点比较近,步行前往也方便。贴着松花江,去哪里都很方便,房间很暖和",正向,
490,家友客栈(哈尔滨火车站中央大街店),"很干净,晚上睡得很安静。离哈站北广场很近,走过来5-6分钟",正向,
491,哈尔滨振宁酒店(中央大街地铁站店),"去吃的地方什分方便;坐公交很方便。小麻花、茶水等提供,做的真很到位了",正向,
492,禧龙宾馆(哈尔滨建国店),隔音也好。酒店虽然比较旧,负向,
493,7天酒店(哈尔滨会展中心禧龙大市场店),"位置交通。卫生各方面还是不错的,服务也很热情",正向,
494,哈尔滨摩尔空间电竞酒店(哈西万达广场店),"条件很好,服务满意,竟然还有智能马桶",负向,
495,哈尔滨金瓶宾馆,"酒店太棒了,超过了我的想象。第二次住了,还算满意",正向,
496,哈尔滨双城金街商务酒店(北二道街店),"酒店环境非常好,床也很软,卫生也很好。房间很大,晚上很安静",正向,
497,哈尔滨双盛赛福商务酒店,"感觉挺好的,可以去尝试一下。总的来说还不错,各方面都还是令人满意的",正向,
498,天天宾馆(哈尔滨医大一院店),"一如既往的好,五星好评,希望不要骄傲。非常贴心,为服务好评",正向,
499,凯旋时代公馆(东北林业大学乐松广场店),"干净整洁无异味,老板态度好。设施齐全,尤其年轻的服务员服务特别周到",正向,
500,哈尔滨鑫金爵宾馆,"卫生好,离高铁站非常近,周边饭店比较多。酒店非常不错,各方面服务都细致周到",正向,
501,华庭酒店(哈尔滨机场巴士店),"酒店位置比较好找的。房间挺干净的,暖气足有点太热了",负向,
502,如家精选酒店(哈尔滨三大动力哈锅店),"房间干净,服务热情。服务很满意,房间干净",正向,
503,哈尔滨香悦时尚快捷宾馆,"交通便利,设施齐全,服务态度很好。安全卫生,交通便利,设施齐全",正向,
504,鸿运旅馆(哈尔滨志华商城店),"服务也很好,靠近利民大道和家得乐商城。房间非常干净,住的非常满意",正向,
505,锦尚宾馆(哈尔滨林业大学店),"床单发黄,总体感觉一般,读书没有办法。整体感觉挺好的,服务热情",中性,
506,哈尔滨四季星辰商务酒店,服务非常好。服务非常好,正向,
507,哈尔滨华瑞宾馆(四野广场店),"酒店非常不错,各方面服务都细致周到。房间很干净,方便快捷",正向,
508,哈尔滨主角小宾馆,"老板人很好,服务周到",正向,
509,哈尔滨龙润快捷宾馆,"十块钱住带空调的宾馆,想不到吧",负向,
510,哈尔滨云舒宾馆(中央大街索菲亚教堂店),没有任何问题。酒店老板人超好,中性,
511,万达怡人居酒店(哈尔滨融创乐园冰雪大世界店),"商家真的特别好,帮我升级了房型。前台2位服务人员热情周到,态度和蔼可亲",正向,
512,和颐酒店(哈尔滨宣化街店),"前台姑娘小王特别热心,服务态度非常好。床很软,我们是从云南过来的,以为会很冷",中性,
513,检顺商务酒店(哈尔滨长江路会展中心店),"装修也非常大气有品位,一次性用品非常全。非常好,临街一点声音都没有",中性,
514,迦南宾馆(哈尔滨西站工农大街地铁站店),优越的地理位置:酒店交通便利。很好很舒服服务态度好打扫的很干净,正向,
515,四季时尚酒店(哈尔滨哈西万达广场西客站店),"这是一家非常不错的酒店,房间宽敞明亮。房间宽敞明亮卫生很干净暖气很暖和",正向,
516,哈尔滨钱柜快捷宾馆(黑龙江中医药大学附属第一医院店),"店主还是很热情的。酒店设施齐全,房间干净整洁,住的很舒服",正向,
517,颐居宾馆(学府路医大二院店),"卫生很好,前台太度很好。干净卫生,关键老板还非常热情",正向,
518,今巢家庭公寓(哈尔滨哈西店),"房间很好。卫生也不错,酒店环境整洁,价格",正向,
519,哈尔滨逸家青年公寓,"总的来说还可以就是垃圾好象走了一起收。有自己家的感觉,哈哈哈哈,忘记拍照了",中性,
520,哈尔滨万豪商务宾馆,"环境非常好,服务态度好。服务热情态度好",正向,
521,哈尔滨阳光假日酒店,"房间隔音做的也挺好睡觉不吵。前台服务人员热情,考试入住的最佳选择",中性,
522,哈尔滨冰城印象商务宾馆,卫生很干净服务态度很好离哪里都很近。宾馆整体环境很干净整洁,正向,
523,哈尔滨鑫禧龙快捷宾馆(双城区政府店),"总的来说还不错,各方面都还是令人满意的。房间挺干净,服务员态度也好,位置市中心",正向,
524,哈尔滨鑫宇宾馆,"满意,挺好的,可以来入住哦",正向,
525,宏福宾馆(哈尔滨太平国际机场店),"接送机服务很好,司机很热情",正向,
526,滨河宾馆(哈尔滨医科大学附属第一医院店),"位置交通。距离地铁口很近,交通很方便",正向,
527,哈尔滨景怡酒店,"床单被褥都很干净漂亮,隔音也很好。居然不是一个屋里一个,我住那屋里没有",负向,
528,艾美酒店(哈尔滨中央大街步行街店),"酒店干净整洁,环境很好的。酒店位置很好找,卫生也很干净",正向,
529,铂睿酒店(哈尔滨万达城店),"挺好的,房间挺大,干净卫生,交通方便。离融创乐园特别近,还给升级了房型",正向,
530,哈尔滨相遇主题宾馆,"住的很舒服,离医院地铁都很近,交通方便",正向,
531,亚布力国际会展中心,"总体不错,服务态度好",正向,
532,如家酒店(哈尔滨凯德广场学府路地铁站店),"很好找,晚上很安静。服务态度特别好,地理位置优越",正向,
533,哈尔滨友源宾馆,"没有异味,干净,前台服务也很好。服务好",中性,
534,哈尔滨桃源大厦,"非常舒服满意,下次还会光顾",正向,
535,雪谷丽荣家客栈,"总的来说还不错,各方面都还是令人满意的。老板娘做饭好吃,价格实惠",正向,
536,哈尔滨万达文华酒店,"服务热情礼貌周到,令人感觉如沐春风。可能赶上节假日,现煮摊位排队时间太长",正向,
537,大华精品宾馆(哈尔滨会展中心店),"临时住两晚,总体还行吧。非常好,便宜空间大,环境干净",正向,
538,哈尔滨盛世悦合商务宾馆(中央大街店),"各方面都很好。服务态度好,下次还会去",正向,
539,7天酒店(哈尔滨医大一院店),"总体干净卫生,用品是一次性的。后半夜找的酒店,7天连锁的,比较信任",负向,
540,汉庭酒店(哈尔滨哈东万达广场店),"味道特别好,这个细节真的很戳我。房间整洁,服务特别好,早餐样式多",正向,
541,融华宾馆(哈尔滨中央大街索菲亚教堂店),"和孩子住的挺好,周边离中央大街很近。体验感非常好,价格是实惠",正向,
542,哈尔滨我行我宿快捷宾馆,"交通方便,卫生干净,满意的一次体验",正向,
543,知道商务公寓(音乐公园群力远大店),"总的来说还不错,各方面都还是令人满意的",正向,
544,哈尔滨万达公寓(西客站店),"房间住着很舒服,交通也很方便。老板人热情周到,总之10086个赞",正向,
545,哈尔滨冰城假日宾馆(工程大学百盛商场店),"主要卫生特别好,周边环境很清净。前台姐姐人特别好,有求必应",正向,
546,雪谷主题宾馆,"这家店其实最让我惊喜的是服务。房间打扫干净,空间很大超级喜欢这家酒店",中性,
547,哈尔滨辛胜快捷宾馆,非常好。❤这家酒店是我本次出行住过的最好的酒店,中性,
548,君沐禧洗浴宾馆(黑龙江科技大学店),"最近在装修,我们去还专门腾个车位。卫生,服务都很好",中性,
549,哈尔滨宝航宾馆(太平国际机场店),"卫生间的玻璃有点脏的,其它很好",负向,
550,家和宾馆(哈尔滨学府店),"首先位置特别好,离哈医大二院很近。服务很好,环境还不错,出行蛮方便的",正向,
551,宜家精品宾馆(哈尔滨中华巴洛克风情街店),"总的来说还不错,各方面都还是令人满意的。酒店非常不错,各方面服务都细致周到",正向,
552,哈尔滨漫斯特电竞酒店,"挺好的电竞房,屋内设施齐全。电脑配置也不错,很好的一次体验",正向,
553,哈尔滨紫丁香公寓,"体验感不错很好哦超级喜欢这家酒店。便宜没好货,我都惊呆了",正向,
554,哈尔滨柏悦假日酒店(国际会展中心五十九中店),"在香坊区算是最好的一家电梯酒店了。前台小姐姐很热情,解答问题也细心",正向,
555,卓越精品酒店(哈尔滨会展中心店),"干净,整洁,床不错,下次还会入住。挺好的,离办事地点近",正向,
556,哈尔滨马迭尔民防商务酒店(红博中央公园会展中心地铁站店),"酒店环境很好卫生干净出行方便。服务周到,交通方便,尔滨真棒👍🏻",正向,
557,五常凤凰山凤仙源宾馆,"厨房手艺也不错,花卷果然很好吃😋可选。酒店很干净,老板人美心善💓菜做也吃",正向,
558,百联公寓(哈尔滨松北商大店),楼层高空气好干净卫生,中性,
559,尚志亚布力爱尚雪农家院,"雪景太美了,房间很棒干净,火炕暖暖的。房间宽敞明亮,布置的很温馨,环境优美",正向,
560,五常五福宾馆,"有停车场,早餐赞,推荐入住。环境不错,早餐丰富",正向,
561,哈尔滨群力远大怡家商务酒店式公寓,很好~值得比较舒服~性价比高。住的特别舒服,正向,
562,尚志鼎泰酒店,"整体位置不错,有独立的停车场。卫生很好,地毯和智能坐便都是崭新的",正向,
563,哈尔滨学府公寓,"老板娘人好,是个好地方",正向,
564,哈尔滨锦悦假日酒店,"总之很好吧,美中不足有些许烟味。必须要给个好评特别好啊,干净",正向,
565,哈尔滨龙门贵宾楼酒店,让住客感觉穿越了时空。强烈来哈尔滨住这里,中性,
566,亚布力迷你的木屋度假别墅,"房间特别干净,房主王叔叔人特别热情。非常好的体验房东叔叔阿姨很nice",正向,
567,自然空间休闲宾馆(哈尔滨巴洛克极乐寺店),"老板太热情了,帮忙提行李上楼",负向,
568,亚布力滑雪木屋别墅,"老板人特别好,住宿的地方也比较干净卫生。最后去高铁站也帮忙安排车",负向,
569,亚布力滑雪场双赢农家院,"感冒了还会给我们找感冒药。老板很热情,热炕暖暖的给老板赞",正向,
570,悠融酒店(哈尔滨会展中心店),"🌳环境挺好的,干干净净。服务非常好点赞酒店太棒了",正向,
571,哈尔滨天煜公寓,很不错。对他家非常的满意住很多次了,正向,
572,哈尔滨8零时尚宾馆,新装修的房子主要是人特别好服务可以。挺好的服务新装修的啊,正向,
573,鑫曦格酒店(国际会展中心万达广场店),"性价比很高,学生党也可以入,地理位置好。空气流通,性价比超高,位置也很好",正向,
574,雪谷牤牛河驿站,"干净整洁是首选。老板都很热情,虽然不是雪谷最热闹的一段",正向,
575,璐豪时尚宾馆(哈尔滨火车站中央大街店),"酒店周围感觉吃饭挺方便的。博物馆等景点步行可达,老板夫妇很好沟通",正向,
576,哈尔滨浪漫樱花假日公寓,"老板很热心的介绍景点,房间条件也都很好",正向,
577,哈尔滨汉廷商务公寓,"给我营造了一种家的感觉。老板人很好很热情,房间挺干净",正向,
578,哈尔滨冰都时尚快捷宾馆,"哈尔滨是个非常漂亮的城市。哈尔滨是我一个非常喜欢的城市,我很",正向,
579,哈尔滨悦途酒店式公寓(哈西万达广场店),"对面是红场,房间暖和,体验不错。位置交通",正向,
580,依兰时代商务酒店,"干湿分离,很不错。服务态度很好,离依兰防洪纪念塔很近",正向,
581,宾县英杰温泉酒店,"里面出去宾州车特别少,打车贵。不枉费我期待这么久",中性,
582,哈尔滨龙江假日宾馆(中央大街店),"有小窗,价格亲民,卫生可以,有洗漱用品。入住体验非常好",负向,
583,润尚宾馆(哈尔滨工程大学店),住大路边交通方便价格合适性价比很高。服务都还不错,正向,
584,哈尔滨楠天宾馆(群力医大一院店),"地理位置也很棒,去江南和江北都不会太远",正向,
585,和颐酒店(哈尔滨民航大厦省政府店),"酒店房间很现代化,配套设施很好。不算特别市中心但是地铁打车都很方便",正向,
586,琴与炉假日酒店(哈尔滨道外公路客运站透笼商厦店),服务很好。服务态度特别好,正向,
587,哈尔滨宏南宾馆,"环境很好,干净卫生,服务很好。环境不错",正向,
588,五叶草精品酒店(哈尔滨哈西万达广场店),"装修细节做的很好,服务人员态度也不错",正向,
589,泊辰宾馆(哈尔滨太平国际机场店),"车接车送,老板很负责,居住环境很温馨。老板很热情",正向,
590,尚志春天国际酒店,"酒店位置超级好,下高速进市区2分钟即到。服务态度超级好",负向,
591,恒河春天假日酒店(道外中华巴洛克店),"性价比高,房间大,卫生一般,有停车位。服务特别好房间也很棒看过点评才订的",正向,
592,印象假日宾馆(哈尔滨哈西万达广场西客站店),"前台人很好。前台态度很好,房间也还行",中性,
593,哈尔滨祥云雅致时尚宾馆,"性价比高,位置好。不错,挺好的一次住宿经历",正向,
594,芭乐宾馆(肿瘤医院店),"很好,环境不错,价钱便宜。好评,好评,好评,好评",正向,
595,哈尔滨双城瑞宝宾馆,想要好好休息的可以来这里。好简单大气上档次舒服,正向,
596,方正龙跃宾馆,"唯一不太满意的是供暖不太好。房间宽敞明亮干净,餐厅餐食也很好",中性,
597,哈特商务酒店(哈尔滨工业大学店),"地面很干净,光线很好。性价比非常高,周围环境安静",正向,
598,国煤宾馆(哈尔滨吉林街店),"下水反味,屋子里不太暖和,卫生间狭小。干净卫生,特别这次带病人检查等结果",负向,
599,麗枫酒店(哈尔滨南直路会展中心店),"位置离2号地铁800米,早餐很不错。设施很好,住的很舒服",正向,
600,全顺宾馆(哈尔滨太平国际机场店),"环境超好,老板热情,下次还会回顾。酒店太棒了,超过了我的想象",正向,
601,哈尔滨伊锦酒店,"一直都住伊锦很安静,孩子睡的很好。很不错,停车方便,洗浴搓澡不排队",中性,
602,鼎今快捷宾馆(哈尔滨火车站店),"老板们超级热情,人超好。不足的是电视看不了,遥控器压根按不动",负向,
603,虹成快捷旅馆,"位置交通。离各个景点都挺方便,那个叔叔也很热情",正向,
604,哈尔滨时尚快捷宾馆(萧红故居店),属于装修和环境最好的了。非常干净都是新的下次还会来,正向,
605,芭乐商务宾馆(哈尔滨哈西万达广场西客站店),房间性价比很高。是我在哈市住过性价比最高的宾馆,正向,
606,百茂心宾馆(哈尔滨亚麻街店),"整体环境特别好,房间真的特别干净。位置交通",正向,
607,哈尔滨金旭时尚宾馆,感觉自己睡得还不错,正向,
608,哈尔滨呼兰宝帝精品宾馆,"房间不大,但卫生和服务都挺好。干净整洁,方便实惠",正向,
609,哈尔滨国煤快捷宾馆,"位置不错,周边配套很方便,房间小了点。好评,位置好,卫生干净,服务态度好",正向,
610,哈尔滨泊客弯宾馆,"店主特别的好,服务到位,满意的一次体验",正向,
611,玉龙快捷宾馆(哈尔滨秋林医大一院店),"是那种比较久了的店。房间卫生很干净,没有异味",负向,
612,哈尔滨大象假日宾馆(中央大街店),"太阳岛座地铁就2站,吃饭楼下很多。位置很好,来哈尔滨旅游",正向,
613,哈尔滨依侬时尚宾馆,"总体比较满意,离中央大街特别近。换最凉快房间的想法不现实了",正向,
614,轻住酒店·果然精品(乐松机场巴士凯旋广场店),"高层风景和采光很好,空调给力。林大很近,附近吃喝玩乐都有,公寓式",正向,
615,亚布力映山公寓,"这个季节,这个价格很美丽,住的标间。洗浴设备不错,有基本的日用洗漱用品提供",负向,
616,亚布力怡然之家宾馆,"到亚布力西站之后,已经很晚了。环境很好很干净",正向,
617,哈尔滨哈西鸿运酒店式公寓,"酒店非常不错,各方面服务都细致周到",正向,
618,哈尔滨慕尚假日酒店(会展中心省医院店),"酒店环境很好,配置齐全,安静。服务热情,环境不错,下次还住",正向,
619,哈尔滨枫林假日宾馆(江北大学城学院路店),"卫生干净,交通方便,服务周到。❤酒店非常不错,各方面服务都细致周到",正向,
620,斯维登度假公寓(哈尔滨群力大道银泰城店),"房间大,干净,安静,楼下好多好吃的。前台服务还不错",正向,
621,莫泰酒店(哈尔滨中央大街索菲亚教堂透笼商厦店),"性价比超高,酒店服务人员的态度也很棒。交通非常方便",正向,
622,哈尔滨红硕园宾馆,"特别方便,附近不远有衣帽城、洗浴中心。卫生很干净,服务也很好很热情,价格实惠",正向,
623,宜必思酒店(哈尔滨中央大街火车站店),"去景点公交车很方便,对面还有品牌熟食店。不知道为什么感觉窗户外面的空调机一直吵",负向,
624,铁一招待所(哈尔滨火车站店),"被套干净整洁,枕头上的毛巾被有家的感觉",正向,
625,香醍45°假日酒店(哈尔滨西站哈西万达广场店),"城堡的感觉,满足少女心,卫生条件还好。卫生条件好,服务周到,位置交通方便",正向,
626,哈尔滨老周宾馆(医大二院店),"顿时心里温暖很多,阿姨也很热情。老板人很好",正向,
627,哈尔滨尚居公寓(国际会展中心店),"酒店干净卫生,阿姨人也很好。安全卫生大气老板人很好",正向,
628,喜洋洋快捷宾馆(哈尔滨工大店),"环境也很不错性价比很高,去哪都方便。老板人很热情",正向,
629,哈尔滨芒果酒店式公寓,"很不错价格便宜环境舒适。住了两天,房子很大,宽敞干净",正向,
630,亚布力关东客栈,"老板娘很热情有早餐,停车也方便。带早餐,干净卫生,服务也好",正向,
631,哈尔滨楠天汇龙宾馆,"性价比很高的酒店,距离地铁站距离适中。对于像我这样喜欢净的人反正入住体验很好",正向,
632,哈尔滨超感觉主题宾馆,"地理位置非常棒,门口就是地铁站。这个价格,就是不好停车",正向,
633,龙江高升客栈(雪谷二店),要不是满分只有五分我能给五万分。晚上休息的特别好,负向,
634,金芒果假日宾馆(哈尔滨中山路店),"酒店位置很方便。酒店位置很方便,设施健全,干净整洁",正向,
635,壹品新境连锁公寓(哈尔滨哈西客站店),"房间还是挺大的,有种回家的感觉",正向,
636,哈尔滨拉雅宾馆,非常好。在呼兰这个价格的房子就算不错了,正向,
637,爱情公寓(哈尔滨万达城店),"空间很大,设施齐全,服务很棒。非常不错,值得入住,老板娘人好",正向,
638,哈尔滨好佳电竞观影酒店,整体体验很不错,正向,
639,艾欧轻奢酒店(哈尔滨巴洛克承德广场店),"整体不错,干净卫生,环境舒适。很好,卫生好,服务好",正向,
640,哈尔滨瑞隆宾馆,"非常满意的入住,感恩感谢全体成员。一般搬",正向,
641,如家驿居酒店(哈尔滨会展中心衡山路万达广场店),"总的来说还不错,各方面都还是令人满意的。交通便利,房间干净",正向,
642,哈尔滨德力快捷宾馆,"老板娘特别热情房间也很整洁推荐推荐嘿嘿。老板娘对卫生要求很高,值得入住",正向,
643,尚志弘旭主题宾馆,"这俩酒店不错干净卫生住着舒服。就是停车不太方便,楼下就有水饺粥铺",负向,
644,白金汉假日酒店(会展中心店),"安全,卫生,早餐种类较多,口感有待提高",负向,
645,哈尔滨玫瑰之约快捷旅店,"经济实惠,非常不错,第二次住了,推荐",正向,
646,雪谷阳阳客栈,店家人很好,正向,
647,哈尔滨宇彤宾馆(太平国际机场店),"总的来说还不错,各方面都还是令人满意的。有家的感觉",正向,
648,碧海娇龙商务宾馆(哈尔滨中央大街店),"灯光明亮,但是地毯不太干净,有污渍。房间很大,设施也都可以正常使用",负向,
649,依兰锦江商务酒店,"而且距离景点很近,出行非常方便。整体感觉不错,房间宽敞舒适",正向,
650,锦江之星风尚(哈尔滨中央大街友谊东路店),"干净卫生,想说要一个采光好的。服务态度很好",中性,
651,雪谷金和家庭旅馆,"新房子特别暖和,推荐。酒店非常不错,各方面服务都细致周到",正向,
652,隆逸大酒店(哈尔滨承德广场巴洛克店),"酒店地理位置很不错,对面就是公路客运站。地理位置很好,交通也很方便",正向,
653,雪谷小康家庭旅馆,"很满意阿,店家还会给你安排泼水成冰。老板有求必应,教玩泼水成冰很有一套",正向,
654,苹果假日酒店(哈尔滨江北湿地公园店),"床很舒服,环境一般",正向,
655,哈尔滨金苹果快捷宾馆,"总的来说还不错,各方面都还是令人满意的。前台小哥非常棒,热情礼貌",正向,
656,亚布力寒舍客栈,"很棒的一次大炕体验。老板人很好,帮我们避开了很多坑",正向,
657,哈尔滨宝地快捷宾馆,"最主要出门就是地铁口。最后,差旅在外当然是安静的睡个好觉",负向,
658,哈尔滨时尚港快捷宾馆,"非常满意,对面就是客运站,出门就是街面。价格划算#房间很大#位置繁华#服务赞",正向,
659,通河东兴假日宾馆,"离商业街很近,离一中也不远。位置好,服务特别好,房间很暖和",正向,
660,佳偶宾馆,"交通很方便,离地铁站也就一条街的距离。老板人也很好",正向,
661,哈尔滨福裕商务酒店(万达广场龙塔店),酒店特别好超出预期。二是服务态度有够好、三是早餐丰富,中性,
662,好易家快捷宾馆(哈尔滨三辅街店),经常过来住卫生服务都不错的推荐来。不错在这炎热的夏天有一个安逸的睡眠,正向,
663,如家精选酒店(哈尔滨林业大学文昌街店),"服务非常好,推荐入住,有机器人。服务非常好,前台干净卫生",负向,
664,哈尔滨八荒通神美术馆酒店,"环境在周边酒店中是最好的,服务也很好。有间美术馆在里面的宾馆,整体还不错",正向,
665,香橙假日酒店(哈尔滨儿童公园店),"非常值得推荐,房间没有任何异味",负向,
666,尚志美家嘉华酒店,"总的来说还不错,各方面都还是令人满意的。挺好的,安静,服务也好",正向,
667,哈尔滨万顺宾馆,"卫生干净,安静,很好一家宾馆。卫生干净酒店太棒了,超过了我的想象",正向,
668,哈尔滨博发假日酒店,"第一次入住这家酒店,整体体验很不错。入住押金程序有点繁琐,房间热水有点太慢",负向,
669,哈尔滨左岸宾馆(江北师大学院路店),"总的来说还不错,各方面都还是令人满意的。老板服务很好,房间干净整洁",正向,
670,哈尔滨润丰快捷宾馆(龙塔国际会展中心店),"很便宜,交通不错",正向,
671,亚布力雪韵阁农家院,"老板家的饭也很好吃,这里的人很实在",中性,
672,亚布力雪杉酒店,性价比很高。性价比很高的酒店每次来都住这里,正向,
673,亚布力千喜商务宾馆,"服务非常热情。酒店很不错,干净卫生,室内宽敞",正向,
674,哈尔滨宾悦酒店,"态度特别好。房间明亮,服务热情,很棒,门口就是地铁",正向,
675,哈尔滨亲亲宝贝日租公寓,性价比很高,正向,
676,哈尔滨平安商务酒店,"客房干净服务态度好。整体还算可以,比较老装修,早餐不错",正向,
677,汉庭酒店(哈尔滨鸿翔路店),"服务很好,早餐很棒,客房卫生很好。晚上回来有点感冒还喝了驱寒茶,特别棒",正向,
678,哈尔滨小洋房公寓,最终选择了中央大街的这个俄式洋房小公寓。装修是俄罗斯的感觉,正向,
679,天龙快捷宾馆(哈尔滨学院路店),"就是隔音不是太好,旁边有ktv还是啥。老板人也很好",负向,
680,苹果假日酒店(哈尔滨海城市场店),服务好房间干净整洁,正向,
681,尚客优酒店(哈尔滨中央大街儿童医院店),"距离儿童医院很近,老板服务态度很好。老板态度很好,有问题主动给解决",正向,
682,江湾大酒店(哈尔滨中央大街防洪纪念塔店),"没有使我失望,位置好,服务好,价格合适。看得见江水、太阳岛的树林、远处的楼",正向,
683,五常富丽盛豪宾馆,"干净整洁,服务非常好。服务一般收取押金没有免费的水",中性,
684,宏凯商务连锁宾馆(哈尔滨巴洛克店),"离酒蒙子一条街特别近,吃烧烤太方便",负向,
685,哈尔滨晟恒公寓,"房间宽敞明亮,很舒适",正向,
686,哈尔滨丽景花园酒店(中央大街店),"干净卫生舒适,很不错哦,值得信赖。房间宽敞,干净",正向,
687,雪谷冰雪之约客栈,"客栈老板老板娘人很好,房间很干净。干净整洁~服务:老板和老板娘都很热情",正向,
688,水云涧青年旅舍(哈尔滨中央大街店),"第一次入住这家酒店,整体体验很不错。哈尔滨最物超所值的住处,经济实惠",正向,
689,雪谷雪姑娘客栈,"住的还很舒服,红艳艳的大花炕。铁树银花也玩了,铁锅炖也吃了份量很大",正向,
690,哈尔滨天悦时尚快捷宾馆,"老板很热情,服务态度非常好。第一次入住这家酒店,整体体验很不错",正向,
691,哈尔滨君逸酒店,"酒店里的圣诞装饰很温馨。小红服务好,很满意,会再来的,满意",正向,
692,哈尔滨爱浓新概念旅馆,"屋里的地暖嘎嘎暖和,老板人特别好,热情。环境特别干净,周边也很便利",正向,
693,哈尔滨金安商务宾馆,性价比很高的酒店房间非常干净热情服务。很好很好很好环境干净空间大,正向,
694,哈尔滨尚美宾馆,"老板特别热情,服务好,屋里也暖和",中性,
695,哈尔滨春秋宾馆,"这家宾馆的服务非常好,很贴心。酒店不错,交通便利,屋里干净,明亮",正向,
696,哈尔滨文化用品招待所,离火车站很近。没有独卫的小旅店不知高到哪里去了,中性,
697,金岛快捷宾馆,"宾馆很不错。中央大街,太阳岛交通便利,附近饭店多",正向,
698,亚布力沁园春别墅,"房间还不错,性价比高。老板夫妻非常细心体贴,让我感觉不是住店",正向,
699,雪谷小方客栈,"房东的热情,卫生也很干净,性价比很高。房间很干净,性价比很高,相当的满意",正向,
700,哈尔滨兰卡精致酒店,"房间非常干净整洁,服务态度好。最重要的是干净,早餐很好吃",正向,
701,哈尔滨鹤岗宾馆,"酒店太棒了,超过了我的想象。热水也供应的很好",中性,
702,哈尔滨大自然快捷宾馆(农业大学店),"整体环境特别好房间卫生打扫的干干净净。农大附近挺不错的宾馆,门前停车方便",正向,
703,哈尔滨家佳精品宾馆(剑桥学院店),老板娘很好,正向,
704,五常凤凰山假日酒店,老板小帅哥人特别好。老板小帅哥人特别好,正向,
705,五常灰鲸电竞酒店,"前台服务态度不好,需要再次培训。服务态度好",负向,
706,五常月星主题宾馆,"因为性价比非常高,每次来都会有新的惊喜。前台很热情",正向,
707,乐居快捷宾馆(医大三院店),"蛮安静的不错,服务态度很好。干净卫生,离肿瘤医院很近",正向,
708,哈尔滨乐宝时尚宾馆,"房间不错,很舒服,空间很大。第一次入住这家酒店,整体体验很不错",正向,
709,哈尔滨天汇旅馆,"服务态度好,非常非常好",中性,
710,温馨旅馆(哈尔滨学院路农垦店),老板亲切随和人很好。像家一样住着特别温馨,正向,
711,亚布力付家大院酒店,帅气的老板大哥人很好,正向,
712,途径银泰精品公寓(哈尔滨群力银泰城店),"整体体验很不错。位置很方便,卫生也挺好,洗手间很大",正向,
713,雪黎酒店(哈尔滨高铁西站万达广场店),"服务超级贴心,特别好评。服务非常好哦,备注了自己需要的房型",正向,
714,哈尔滨儒家商务宾馆,"周边交通方便,购物方便,商委红肠店旁边。前台很热情,服务很好",正向,
715,麦田主题宾馆(哈尔滨江北大学城店),"价格飞涨,服务一般,位置还好,设施一般",正向,
716,神农宾馆(哈尔滨花园街店),"店家服务热情贴心,很满意的住宿体验。还不错",正向,
717,哈尔滨茹佳假日宾馆,其他的都很好,正向,
718,哈尔滨鑫铁旅店,"老板人很好态度热情热心。老板人很好,服务态度棒棒的",正向,
719,凤凰山百悦山庄,"很满意的一次入住,阿姨很热情。非常好,环境舒适,服务态度好,价格实惠",正向,
720,汉庭酒店(哈尔滨江北大学城地铁站店),"房间很大,地理位置很好,下次还会选这里。别的都还好",正向,
721,亚布力滑雪场聚客缘山庄,"老板人很好很热情,位置离雪场也近。老板很热情的帮我拿行李,环境很安静",正向,
722,VIP会所(哈尔滨凯德广场店),"交通方便,和公寓形式差不多",正向,
723,禧龙时钟旅馆(哈尔滨新发小区店),"价格合适,这个价格也不求别的了。性价比高,有的房间不能洗澡,其他还不错",正向,
724,哈尔滨天元假日酒店,比较干净。还不错挺好的红红火火就斤斤计较斤斤计较,正向,
725,哈尔滨心悦宾馆,"房间温暖干净,阿姨人也很好。老板挺好的,很热心",正向,
726,爱建非常男女103公寓(哈尔滨公路大桥店),特别好,正向,
727,旭航宾馆(哈尔滨太平国际机场店),"服务很好,有接机送机服务。接机送机很方便,周转飞机可以选择入住",正向,
728,联馨快捷宾馆(哈尔滨中央大街儿童医院店),"老板人挺好环境也好,干净性价比高。总的来说还不错,各方面都还是令人满意的",正向,
729,天洋宾馆(哈尔滨会展中心店),"房间设施很不错,性价比高",正向,
730,哈尔滨兄弟时钟宾馆,"入住体验非常好。房间大小刚好,隔音效果还不错",正向,
731,哈尔滨金京大厦宾馆(阿城客运站店),"崽崽很喜欢,服务态度很好。孩子很喜欢,环境很不错,推荐",正向,
732,哈尔滨茹家商务公寓,"整体不错。卫生干净整洁,床褥舒服,很赞",正向,
733,如家酒店·neo(依兰县政府亿达广场通江路店),服务态度很好房间干净整洁。很好带孩子一起的、路过依兰在这住了一晚,正向,
734,哈尔滨水泡泡时尚宾馆,房间整洁还蛮不错,正向,
735,哈尔滨晶鑫公寓,"环境不错,睡觉安静",正向,
736,白领公寓(哈尔滨爱建店),"老板娘很漂亮,房间很大,服务很好",正向,
737,方正港湾大酒店,"整体来说还是比较不错的,性价比也很高。对于本次入住,必须要给个好评",正向,
738,哈尔滨晨光宾馆,"价格实惠,很不错的一家酒店。老板人好,温柔,热心肠",正向,
739,金岗之星优选酒店(哈西北大荒集团总医院农业工程学院店),"卫生非常好都住好几天了,服务好。工作人员服务特别好,干净整洁",正向,
740,哈尔滨君安快捷宾馆,"周边有早市,很热闹,出行方便,性价比高",正向,
741,哈尔滨华盛假日酒店,"服务也很好,房间设施齐全,空调很给力。房间很好",正向,
742,哈尔滨领域时钟宾馆,"非常好,老板人也好。卫生非常好,帅锅服务态度满分💯",正向,
